company_name,city,state,country,employees,founded,Industry,GrowjoRanking,Previous Ranking,estimated_revenues,job_openings,total_funding,growth_percentage
OpenAI,San Francisco,CA,United States,655,2015.0,AI,1,1,88722200.0,25.0,0.2301255230125523,0.16929698708751795
dbt Labs,Philadelphia,PA,United States,511,2016.0,Analytics,3,3,76987400.0,1.0,0.008669456066945606,0.10903873744619799
Wasabi Technologies,Boston,MA,United States,355,2017.0,Cloud,4,4,38480000.0,4.0,0.005987447698744769,0.08608321377331421
Whatnot,Los Angeles,CA,United States,551,2019.0,eCommerce,5,5,39664000.0,1.0,0.010140167364016737,0.13916786226685798
Crusoe Energy Systems,Denver,CO,United States,201,2018.0,Energy/Oil,6,6,58205875.0,1.0,0.01563807531380753,0.0975609756097561
Aurora Solar,San Francisco,CA,United States,561,2013.0,Salestech,7,7,92989400.0,3.0,0.010951882845188285,0.06743185078909612
Kindbody,New York,NY,United States,621,2018.0,Digital Health,8,8,105791000.0,38.0,0.0026213389121338914,0.06312769010043041
Locus Robotics,Wilmington,MA,United States,481,2014.0,Industrial,10,10,194566540.0,10.0,0.006255230125523013,0.05882352941176471
Sentry,San Francisco,CA,United States,378,2011.0,Analytics,13,13,63119000.0,39.0,0.0026569037656903765,0.05164992826398852
Axonius,New York,NY,United States,628,2017.0,IT Security,14,14,170733720.0,28.0,0.01391213389121339,0.07460545193687232
Drata,San Diego,CA,United States,427,2020.0,IT Security,15,15,116067840.0,1.0,0.0026820083682008366,0.1592539454806313
Payhawk,London,UK,UK,269,2018.0,Fintech,16,16,39409500.0,1.0,0.005002092050209205,0.327116212338594
Shield AI,San Diego,CA,United States,435,2015.0,Defense,17,17,178760120.0,1.0,0.007282426778242678,0.06886657101865137
Astera Labs,Santa Clara,CA,United States,197,2017.0,Semiconductors,18,18,61194375.0,1.0,0.0011799163179916318,0.14203730272596846
Binance.US,San Francisco,CA,United States,459,2019.0,Fintech,19,19,79578200.0,1.0,0.0041841004184100415,0.07460545193687232
RAMP,New York,NY,United States,538,2006.0,Fintech,20,20,93281500.0,21.0,0.029288702928870293,0.14203730272596846
CAIS,New York,NY,United States,299,2009.0,Fintech,21,21,51841400.0,1.0,0.008493723849372385,0.09038737446197992
SiFive,San Mateo,CA,United States,577,2015.0,Semiconductors,22,22,211645500.0,26.0,0.007646443514644352,0.03156384505021521
RapidAPI,San Francisco,CA,United States,266,2015.0,DevOps,23,23,36421000.0,26.0,0.0025627615062761505,0.07173601147776185
Ava Labs,Brooklyn,NY,United States,295,2018.0,Fintech,24,24,41366000.0,1.0,0.004811715481171548,0.04017216642754663
Tarana Wireless,Milpitas,CA,United States,412,2009.0,Wireless,25,25,182245000.0,10.0,0.004311715481171548,0.06456241032998565
Cribl,San Francisco,CA,United States,497,2017.0,Analytics,26,26,92811600.0,10.0,0.008414225941422594,0.07030129124820661
Hugging Face,New York,NY,United States,200,2016.0,AI,27,27,31605000.0,1.0,0.0012594142259414226,0.07030129124820661
Mysten Labs,San Francisco,CA,United States,117,2021.0,Fintech,28,28,22919000.0,1.0,0.0,0.36585365853658536
Weka.IO,Campbell,CA,United States,325,2014.0,AI,29,29,62795150.0,6.0,0.0033242677824267784,0.163558106169297
Fireblocks,New York,NY,United States,567,2018.0,Fintech,31,31,92621100.0,10.0,0.02092050209205021,0.05021520803443329
Aptos,Palo Alto,CA,United States,181,2021.0,Fintech,32,32,28788500.0,1.0,0.0,0.37589670014347204
Rokt,New York,NY,United States,533,2010.0,Martech,33,33,89611200.0,58.0,0.010188284518828451,0.04591104734576758
Coalition,San Francisco,CA,United States,601,2017.0,Fintech,35,35,98399600.0,1.0,0.01610878661087866,0.05595408895265423
Pave,San Francisco,CA,United States,196,2019.0,Fintech,36,36,28788500.0,1.0,0.0013179916317991632,0.10473457675753228
Our Next Energy,Detroit,MI,United States,245,2020.0,Electronics,37,37,67687375.0,1.0,0.0,0.20803443328550933
OpenSpace,SAN FRANCISCO,CA,United States,322,2017.0,Tech Services,38,38,46450750.0,3.0,0.0018514644351464435,0.06312769010043041
LinkSquares,Boston,MA,United States,416,2014.0,Legaltech,39,39,77698600.0,7.0,0.0012866108786610878,0.1248206599713056
Timescale,New York,NY,United States,153,2015.0,Analytics,41,41,24230500.0,1.0,0.003788702928870293,0.07890961262553803
Material Bank,Boca Raton,FL,USA,298,2018.0,Design,42,42,71575650.0,1.0,0.006761506276150627,0.06886657101865137
Unit,San Francisco,CA,United States,148,2019.0,Fintech,44,44,21661250.0,1.0,0.0035564853556485356,0.1836441893830703
Tailscale,Toronto,ON,CAN,69,2019.0,Tech Services,45,45,9082800.0,1.0,0.0,0.13916786226685798
Chronosphere,New York,NY,United States,344,2019.0,Analytics,46,46,55829200.0,13.0,0.005322175732217573,0.10186513629842181
Motto Mortgage,Denver,CO,United States,384,2016.0,Real Estate,47,47,79125000.0,2.0,0.0,0.020086083213773316
Beta Technologies,South Burlington,VT,United States,501,2012.0,Aviation,49,49,171277500.0,1.0,0.018535564853556487,0.06743185078909612
Flutterwave,San Francisco,CA,United States,751,2016.0,Fintech,51,51,146675100.0,38.0,0.009926778242677825,0.06743185078909612
Lukka,New York,NY,United States,179,2014.0,Fintech,53,53,35077250.0,1.0,0.004211297071129707,0.047345767575322814
Atmosphere.tv,Austin,TX,United States,655,2018.0,Media,54,54,166103300.0,2.0,0.003110878661087866,0.08464849354375897
BlueVoyant,New York,NY,United States,584,2017.0,IT Security,56,56,158816040.0,52.0,0.010993723849372385,0.03443328550932569
Envoy,San Francisco,CA,United States,331,2013.0,HRTech,57,57,61874400.0,20.0,0.0035606694560669457,0.024390243902439025
SparkCognition,Austin,TX,United States,359,2013.0,AI,58,59,67030600.0,1.0,0.00599581589958159,0.020086083213773316
Finexio,Orlando,FL,United States,85,2015.0,Real Estate Tech,60,61,12460000.0,9.0,0.0010146443514644351,0.04447632711621234
NexHealth,San Francisco,CA,United States,275,2015.0,Digital Health,61,62,43494500.0,21.0,0.0010836820083682008,0.14634146341463417
CaptivateIQ,San Francisco,CA,United States,326,2017.0,Salestech,62,63,60807600.0,21.0,0.0034435146443514645,0.07460545193687232
Zip,San Francisco,CA,United States,640,2020.0,Fintech,63,64,113920000.0,1.0,0.0016945606694560669,0.14921090387374464
Docker,San Francisco,CA,United States,644,2013.0,Business Intelligence,65,66,107569000.0,1.0,0.009119246861924685,0.06456241032998565
Liquid Death Mountain Water,Santa Monica,CA,United States,210,2017.0,Food,66,67,64145250.0,1.0,0.0027322175732217573,0.08895265423242468
Replicant,San Francisco,CA,United States,152,2017.0,AI,67,68,24080000.0,8.0,0.0007322175732217573,0.07173601147776185
Material Security,Redwood City,CA,United States,64,2017.0,Tech Services,69,70,8452050.0,1.0,0.0,0.12625538020086083
Branch,Columbus,OH,United States,430,2018.0,Fintech,70,71,74625200.0,7.0,0.012742677824267782,0.10473457675753228
Retool,San Francisco,CA,United States,345,2017.0,DevOps,71,72,64363600.0,1.0,0.0020083682008368202,0.16642754662840747
Glia,New York,NY,United States,338,2012.0,AI,72,73,63119000.0,1.0,0.002238493723849372,0.08034433285509326
Paradox,Scottsdale,AZ,United States,528,2016.0,HRTech,73,74,98501200.0,18.0,0.005299163179916318,0.08034433285509326
Lev,New York,NY,United States,122,2019.0,Real Estate Tech,74,75,17920000.0,1.0,0.003075313807531381,0.05308464849354376
Bank Novo,Miami,FL,United States,350,2016.0,Fintech,75,76,55308500.0,1.0,0.0009623430962343096,0.09469153515064563
Island,Dallas,TX,United States,166,2020.0,IT Security,76,77,38158200.0,1.0,0.0020920502092050207,0.10760401721664276
MoEngage,San Francisco,CA,United States,786,2014.0,Martech,77,78,165165000.0,43.0,0.002782426778242678,0.061692969870875185
Unlearn.AI,San Francisco,CA,United States,72,2017.0,AI,78,79,10640000.0,1.0,0.00031380753138075313,0.12195121951219513
Mercer Advisors,Denver,CO,United States,743,1985.0,Investments,79,80,253195800.0,4.0,0.00018200836820083681,0.038737446197991396
Amberdata,Palo Alto,CA,United States,62,2017.0,Analytics,80,81,7917000.0,1.0,0.0,0.11764705882352942
Bitwise Industries,Fresno,CA,United States,509,2013.0,EdTech,81,82,94945200.0,1.0,0.0016401673640167363,0.038737446197991396
Xanadu,Toronto,ON,CAN,152,2016.0,Hardware,83,84,68800000.0,7.0,0.0028368200836820083,0.04591104734576758
Apollo,San Francisco,CA,United States,431,2015.0,Salestech,84,85,71653400.0,1.0,0.003832635983263598,0.08751793400286945
BigPanda,Mountain View,CA,United States,385,2012.0,DevOps,85,86,71831200.0,6.0,0.0066317991631799165,0.12769010043041606
Magic Eden,Mountain View,CA,United States,134,2021.0,Fintech,86,87,19704750.0,1.0,0.0,0.08608321377331421
Hasura,San Francisco,CA,United States,168,2017.0,DevOps,88,89,26488000.0,1.0,0.0028556485355648534,0.08034433285509326
Talos,New York,NY,United States,125,2018.0,Fintech,89,90,24456250.0,1.0,0.0,0.20086083213773315
CoinTracker,San Francisco,CA,United States,89,2017.0,Fintech,90,91,16250000.0,1.0,0.002125523012552301,0.07604017216642756
Acorns,Irvine,CA,United States,515,2012.0,Fintech,91,92,89319100.0,3.0,0.010606694560669455,0.015781922525107604
Songtradr,Santa Monica,CA,United States,62,2014.0,Entertainment,92,93,11592750.0,1.0,0.0021171548117154813,0.010043041606886658
FalconX,San Mateo,CA,United States,251,2018.0,Fintech,93,94,36894000.0,15.0,0.00997907949790795,0.04447632711621234
Vanta,San Francisco,CA,United States,358,2016.0,Tech Services,95,96,69240400.0,1.0,0.001108786610878661,0.11190817790530846
Fabric,Seattle,WA,United States,414,2017.0,eCommerceTech,96,97,77343000.0,32.0,0.006140167364016736,0.02295552367288379
Webflow,San Francisco,CA,United States,870,2012.0,NoCode/LowCode,98,99,96476000.0,53.0,0.00449581589958159,0.07604017216642756
Divergent 3D,Torrance,CA,United States,156,2014.0,3D,101,102,29971000.0,1.0,0.005269874476987448,0.054519368723098996
Epirus,Torrance,CA,United States,216,2018.0,Defense,104,105,75159700.0,21.0,0.00601255230125523,0.04017216642754663
Cresta,San Francisco,CA,United States,206,2017.0,AI,105,106,32508000.0,10.0,0.001485355648535565,0.04591104734576758
Flipside Crypto,Boston,MA,United States,111,2017.0,Fintech,106,107,15210000.0,1.0,0.0,0.07173601147776185
Dusty Robotics,Mountain View,CA,United States,75,2018.0,Construction,107,108,22910000.0,1.0,0.0,0.06743185078909612
Mutiny,San Francisco,CA,United States,94,2018.0,Analytics,108,109,13860000.0,1.0,0.0,0.18507890961262555
Phantom Wallet,San Francisco,CA,United States,75,2021.0,Fintech,109,110,13650000.0,1.0,0.00047489539748953974,0.163558106169297
Omada Health,San Francisco,CA,United States,678,2011.0,Digital Health,111,112,142542400.0,55.0,0.0053661087866108785,0.014347202295552367
Glean,Palo Alto,CA,United States,214,2019.0,HRTech,112,113,33862500.0,1.0,0.0032426778242677823,0.16068866571018653
Cloudinary,Santa Clara,CA,United States,475,2012.0,Video,113,114,74048000.0,1.0,0.0020920502092050207,0.008608321377331422
Treez,Oakland,CA,United States,188,2016.0,Cannabis,116,117,72562500.0,1.0,0.0005857740585774059,0.054519368723098996
Mos.com,San Francisco,CA,United States,88,2017.0,Fintech,118,119,11960000.0,1.0,0.001198744769874477,0.047345767575322814
EDO,Culver City,CA,United States,133,2015.0,Entertainment,119,120,30852500.0,1.0,3.765690376569038e-05,0.08608321377331421
Beyond Identity,New York,NY,United States,183,2020.0,IT Security,121,122,42105600.0,27.0,0.0042887029288702925,0.004304160688665711
Uniphore,Palo Alto,CA,United States,841,2008.0,AI,124,125,176776600.0,114.0,0.012989539748953975,0.017216642754662843
QuickNode,Miami,FL,United States,114,2017.0,Analytics,125,126,16800000.0,1.0,0.0,0.2869440459110474
Temporal Technologies,Bellevue,WA,United States,118,2019.0,Tech Services,126,127,17980000.0,1.0,0.002688284518828452,0.133428981348637
hibob,New York,NY,United States,742,2015.0,Fintech,127,128,144816100.0,1.0,0.005732217573221757,0.10760401721664276
0x,San Francisco,CA,United States,126,2016.0,Fintech,128,129,24596000.0,1.0,0.0022803347280334727,0.13055954088952654
Starburst,Boston,MA,United States,639,2017.0,Analytics,131,132,119303800.0,1.0,0.008661087866108787,0.08464849354375897
Skydio,Redwood City,CA,United States,521,2014.0,Aviation,133,134,170893740.0,61.0,0.007112970711297071,0.04447632711621234
Tally Technologies,San Francisco,CA,United States,216,2015.0,Fintech,137,138,31723250.0,5.0,0.0019246861924686193,0.043041606886657105
Chainalysis,New York,NY,United States,901,2014.0,Fintech,140,141,234419900.0,60.0,0.011225941422594142,0.0975609756097561
Invoca,Santa Barbara,CA,United States,432,2008.0,Salestech,141,142,80721200.0,1.0,0.0024790794979079496,0.027259684361549498
Worldcoin,San Francisco,CA,United States,180,2019.0,Tech Services,143,144,29460375.0,1.0,0.0,0.07890961262553803
Athletic Greens,Las Vegas,NV,United States,245,2009.0,Digital Health,144,145,38678500.0,1.0,0.002405857740585774,0.09612625538020086
Bilt Rewards,New York,NY,United States,88,2021.0,Finance,146,147,19320000.0,1.0,0.0013242677824267782,0.08608321377331421
Wiz,New York,NY,United States,890,2020.0,IT Security,147,148,180578760.0,1.0,0.012552301255230125,0.1750358680057389
CareBridge,Nashville,TN,United States,205,2019.0,Hospital/Healthcare,148,149,78408000.0,1.0,0.0037656903765690376,0.07890961262553803
Immuta,Boston,MA,United States,290,2014.0,AI,151,152,54229000.0,1.0,0.003309623430962343,0.03443328550932569
MoonPay,Miami,FL,United States,291,2018.0,Fintech,152,153,67195700.0,1.0,0.013430962343096235,0.027259684361549498
SponsorUnited,Stamford,CT,United States,491,2016.0,Adtech,153,154,104851200.0,1.0,8.786610878661088e-05,0.05021520803443329
Kallyope,New York,NY,United States,99,2015.0,Biotech,154,155,18755000.0,3.0,0.01002092050209205,0.020086083213773316
Harness,San Francisco,CA,United States,860,2016.0,eCommerceTech,155,156,180780600.0,61.0,0.00889121338912134,0.05882352941176471
Traceable AI,San Francisco,CA,United States,154,2018.0,Software,156,157,27864000.0,1.0,0.00041841004184100416,0.07747489239598279
TheWrap,Los Angeles,CA,United States,74,2009.0,Tech Services,157,158,11310000.0,1.0,7.322175732217574e-05,0.03299856527977044
ClassDojo,San Francisco,CA,United States,210,2011.0,EdTech,158,159,33260500.0,13.0,0.0013828451882845186,0.047345767575322814
Axios HQ,Arlington,TX,United States,95,2022.0,AI,159,160,14000000.0,1.0,0.0,0.2955523672883788
Veza,San Francisco,CA,United States,118,2020.0,IT Security,163,164,25296000.0,1.0,0.0,0.06312769010043041
Route,Lehi,UT,United States,484,2018.0,Delivery,164,165,76540000.0,1.0,0.010081589958158995,0.0014347202295552368
Connecteam,New York,NY,United States,267,2014.0,Tech Services,165,166,43645000.0,1.0,0.0033054393305439332,0.10043041606886657
VulcanForms,Burlington,MA,United States,187,2015.0,Engineering,167,168,23430000.0,1.0,0.007426778242677824,0.03443328550932569
OpenStore,Miami,FL,United States,135,2021.0,Tech Services,168,169,22134250.0,1.0,0.0,0.2152080344332855
Fountain,San Francisco,CA,United States,299,2014.0,HRTech,169,170,55829200.0,1.0,0.0,0.028694404591104734
Stax,Orlando,FL,United States,238,2014.0,Fintech,170,171,34937500.0,1.0,0.0,0.024390243902439025
CHEQ,New York,NY,United States,258,2016.0,IT Security,171,172,59430300.0,1.0,0.003807531380753138,0.10616929698708752
FlashParking,Austin,TX,United States,724,2011.0,Tech Services,173,174,157586000.0,1.0,0.0013451882845188284,0.05308464849354376
SOURCE Global,Tempe,AZ,United States,160,2014.0,Environmental,174,175,43890000.0,1.0,0.0,0.01865136298421808
EvolutionIQ,New York,NY,United States,98,2019.0,Analytics,175,176,14420000.0,1.0,0.0,0.16212338593974177
Levels,Brooklyn,NY,United States,92,2019.0,Health,176,177,26190000.0,1.0,0.00025104602510460253,0.03443328550932569
Wonder,New York,NY,United States,676,2016.0,Food,178,179,100570000.0,1.0,0.00029288702928870295,0.0028694404591104736
Apkudo,Baltimore,MD,United States,145,2011.0,Wireless,180,181,57190000.0,1.0,0.000594142259414226,0.03156384505021521
DNAnexus,Mountain View,CA,United States,263,2009.0,Biotech,181,182,69657000.0,11.0,0.009887029288702928,0.047345767575322814
BostonGene,Lincoln,MA,United States,328,2015.0,Biotech,182,183,86800000.0,1.0,0.0041841004184100415,0.024390243902439025
Teleport,Oakland,CA,United States,223,2015.0,Tech Services,183,184,36474750.0,1.0,0.0,0.004304160688665711
prezent.ai,Los Altos,CA,United States,101,2021.0,Tech Services,184,185,15370000.0,1.0,0.0,0.14634146341463417
eSentire,Waterloo,ON,Canada,611,2001.0,IT Security,185,186,166329360.0,8.0,0.008602510460251046,0.02582496413199426
Cross River Bank,Fort Lee,NJ,United States,897,2008.0,Banking,186,187,282882600.0,1.0,0.01899581589958159,0.03156384505021521
Autograph,Santa Monica,CA,United States,117,2021.0,Fintech,188,189,15990000.0,1.0,0.0002782426778242678,0.054519368723098996
Celestial AI,Santa Clara,CA,United States,60,2020.0,AI,189,190,7673400.0,1.0,0.0013368200836820084,0.13486370157819225
Ironclad,San Francisco,CA,United States,538,2014.0,Legaltech,190,191,100457000.0,34.0,0.0069874476987447694,0.030129124820659974
AE Industrial Partners,Boca Raton,FL,United States,74,1998.0,Aviation,191,192,19188000.0,1.0,0.0,0.030129124820659974
Balance,San Francisco,CA,United States,89,2020.0,Fintech,195,196,12090000.0,1.0,0.0006276150627615063,0.12769010043041606
airSlate,Brookline,MA,United States,678,2018.0,Tech Services,197,198,147633200.0,1.0,0.002719665271966527,0.005738880918220947
BeyondID,San Francisco,CA,United States,192,2017.0,Tech Services,200,201,31486750.0,1.0,0.00018828451882845187,0.054519368723098996
PGT Innovations,Venice,CA,United States,333,1980.0,Materials,201,202,1080000000.0,3.0,0.002583682008368201,0.027259684361549498
AutoFi,San Francisco,CA,United States,217,2015.0,eCommerceTech,202,203,34314000.0,8.0,0.002395397489539749,0.027259684361549498
Jetti Resources,Boulder,CO,USA,41,2014.0,Mining,204,206,8006600.0,1.0,0.0,0.03443328550932569
Genies,Los Angeles,CA,United States,183,2013.0,Tech Services,205,207,29928000.0,19.0,0.0010878661087866108,0.030129124820659974
Integrity Marketing Group,Dallas,TX,United States,525,2006.0,Insurance,206,208,153949400.0,28.0,0.043933054393305436,0.03443328550932569
Unstoppable Domains,San Francisco,CA,United States,153,2018.0,Tech Services,214,216,25095875.0,1.0,0.0,0.03299856527977044
Fattmerchant,Orlando,FL,United States,238,2014.0,Fintech,216,218,34937500.0,7.0,0.0003828451882845188,0.024390243902439025
Amagi Corporation,New York,NY,United States,717,2008.0,Media,217,219,220741950.0,1.0,0.0,0.07890961262553803
Biofourmis,Boston,MA,United States,573,2015.0,Biotech,219,221,151683000.0,1.0,0.009698744769874477,0.054519368723098996
MPOWER Financing,Washington,DC,United States,225,2014.0,Fintech,222,224,32981000.0,24.0,0.007845188284518828,0.08321377331420374
bttn.,Seattle,WA,United States,57,2021.0,Tech Services,223,225,7569000.0,1.0,0.00013598326359832636,0.07173601147776185
Movable Ink,New York,NY,United States,610,2010.0,Martech,224,226,113969800.0,26.0,0.002035564853556485,0.02582496413199426
Firework,San Mateo,CA,United States,436,2017.0,eCommerce,227,229,54646000.0,1.0,0.0,0.06312769010043041
Finxact,Jacksonville,FL,United States,158,2016.0,Fintech,229,231,23198500.0,15.0,0.0008786610878661088,0.03443328550932569
Alation,Redwood City,CA,United States,744,2012.0,Analytics,231,233,156356200.0,29.0,0.0040167364016736404,0.02582496413199426
Spotter,Los Angeles,CA,United States,128,2019.0,Tech Services,232,234,19430000.0,1.0,0.0014205020920502092,0.0975609756097561
LayerZero Labs,Vancouver,BC,CAN,39,2021.0,Fintech,233,235,6220500.0,1.0,0.0,0.09038737446197992
Village Marketing,New York,NY,United States,171,2013.0,Marketing,237,239,47850000.0,1.0,0.0,0.9713055954088953
Incredible Health,San Francisco,CA,United States,141,2017.0,Hospital/Healthcare,241,243,42957000.0,1.0,0.0,0.0817790530846485
Ampla,New York,NY,USA,110,2018.0,Finance,246,248,24360000.0,1.0,0.006066945606694561,0.733142037302726
First Mode,Seattle,WA,United States,262,2018.0,Think Tanks,250,252,35000000.0,1.0,0.0,0.07030129124820661
Front,San Francisco,CA,United States,491,2013.0,Tech Services,251,253,95021400.0,1.0,0.0,0.04160688665710187
NEXTracker,Fremont,CA,United States,637,2013.0,Environmental,261,263,178422300.0,1.0,0.011456066945606695,0.024390243902439025
908 Devices,Boston,MA,United States,216,2012.0,Research,263,265,24890550.0,2.0,0.0013974895397489539,0.017216642754662843
AI 21,Tel Aviv,IL,Israel,149,2017.0,AI,264,266,23478000.0,1.0,0.0,0.11764705882352942
Athelas,Mountain View,CA,United States,202,2016.0,Biotech,265,267,47662500.0,1.0,0.0031401673640167366,0.054519368723098996
Neo Financial,Calgary,AB,Canada,854,2019.0,Fintech,268,270,166752300.0,660.0,0.001914225941422594,0.054519368723098996
Kandji,San Diego,CA,United States,309,2018.0,DevOps,270,272,57607200.0,25.0,0.00394142259414226,0.4103299856527977
Brightline,Palo Alto,CA,United States,240,2019.0,Babytech,271,273,43344000.0,1.0,0.0010460251046025104,0.011477761836441894
FreightWaves,Chattanooga,TN,United States,235,2017.0,Transportation,272,274,87092200.0,21.0,0.0019330543933054392,0.014347202295552367
JupiterOne,Morrisville,NC,United States,191,2018.0,Tech Services,273,275,30863250.0,1.0,0.0010251046025104603,0.04591104734576758
Arcadia,Washington,DC,United States,918,2014.0,Environmental,280,282,289489200.0,1.0,0.007751046025104603,0.06599713055954089
Talos Engineered Products,Lewisburg,TN,United States,119,1982.0,Fintech,281,283,15000000.0,1.0,0.0,0.03443328550932569
Remarkable.com,Lakeland North,WA,United States,365,2013.0,Electronics,283,285,119743750.0,1.0,0.0005020920502092051,0.061692969870875185
Reibus International,Atlanta,GA,United States,239,2018.0,Tech Services,286,288,39124625.0,1.0,0.0021276150627615063,0.6025824964131995
Workhorse Group,Loveland,OH,United States,251,2007.0,Automotive,287,289,66693000.0,1.0,0.007271966527196653,0.04878048780487805
Asana Partners,Charlotte,NC,United States,101,2015.0,Real Estate,289,291,15900000.0,1.0,0.05439330543933054,0.024390243902439025
D-Wave Systems,Burnaby,BC,CAN,232,1999.0,Hardware,290,292,104920000.0,1.0,0.005359832635983264,0.02582496413199426
EQUASHIELD,Port Washington,NY,United States,150,2009.0,Medical Equip,291,293,57416250.0,1.0,0.0,0.024390243902439025
Ataccama,Toronto,ON,CAN,462,2007.0,Tech Services,292,294,89312750.0,1.0,0.0,0.05164992826398852
Monroe Capital,Chicago,IL,United States,210,2004.0,Fintech,293,295,24735750.0,3.0,0.0007112970711297071,0.038737446197991396
Helm.ai,Menlo Park,CA,United States,58,2016.0,AI,297,299,7429800.0,1.0,0.0014435146443514645,0.1248206599713056
Kumo.AI,San Francisco,CA,United States,43,2021.0,AI,298,300,4788000.0,1.0,0.0,0.24246771879483503
Optimism,New York,NY,United States,54,2019.0,Tech Services,299,301,7190550.0,1.0,0.003734309623430962,0.09899569583931134
Pulley,San Francisco,CA,United States,56,2019.0,Tech Services,302,304,7442850.0,1.0,0.0,0.11621233859397419
Clipboard Health,San Francisco,CA,United States,895,2016.0,Digital Health,305,307,188188000.0,1.0,0.0,0.08464849354375897
JumpCloud,Louisville,CO,United States,665,2012.0,DevOps,306,308,124104400.0,49.0,0.008717573221757322,0.03730272596843616
Yugabyte,Sunnyvale,CA,United States,477,2016.0,Software,308,310,101803200.0,32.0,0.006087866108786611,0.39167862266857967
Ramp Network,London,UK,UK,160,2017.0,Fintech,310,312,31304000.0,1.0,0.016945606694560668,0.04591104734576758
Walabot Official Site,Fairfield,OH,USA,313,2011.0,Semiconductors,313,315,116187500.0,1.0,0.006192468619246862,0.007173601147776184
Wurl TV Network,Palo Alto,CA,United States,177,2010.0,Media,318,320,40989750.0,1.0,0.0006485355648535565,0.03730272596843616
GrubMarket,San Francisco,CA,United States,122,2014.0,eCommerceTech,319,321,17920000.0,1.0,0.007993723849372384,0.03443328550932569
Fleet Device Management,San Francisco,CA,United States,42,2020.0,IT Security,325,327,6821760.0,1.0,0.00014644351464435147,0.05738880918220947
Veriff,Mountain View,CA,United States,484,2015.0,Program Dev,330,332,47429000.0,1.0,0.004023012552301255,0.02295552367288379
FreeWire Technologies,San Leandro,CA,United States,206,2014.0,Environmental,331,333,48762000.0,6.0,0.002200836820083682,0.09469153515064563
Deserve,Menlo Park,CA,United States,224,2013.0,Fintech,336,338,32841250.0,5.0,0.011384937238493724,0.030129124820659974
Gorgias,San Francisco,CA,United States,303,2015.0,Tech Services,338,341,58559700.0,1.0,0.0008870292887029289,0.030129124820659974
Route App,Lehi,UT,United States,484,2018.0,Tech Services,340,343,93548200.0,37.0,0.010081589958158995,0.0014347202295552368
Corvus Insurance,Boston,MA,United States,294,2017.0,Fintech,341,344,51015900.0,45.0,0.0033640167364016736,0.03730272596843616
Team Liquid,Santa Monica,CA,United States,336,2000.0,Entertainment,343,346,91903550.0,1.0,0.0,0.021520803443328552
Mashgin,Palo Alto,CA,United States,56,2014.0,3D,345,348,8726100.0,1.0,0.0,0.08034433285509326
Gauntlet,New York,NY,United States,57,2018.0,Fintech,348,352,10400000.0,1.0,0.0,0.07173601147776185
Blockdaemon,Los Angeles,CA,United States,256,2017.0,Fintech,350,354,59105800.0,1.0,0.00901673640167364,0.005738880918220947
Abnormal Security,San Francisco,CA,United States,577,2018.0,IT Security,351,355,157002480.0,33.0,0.00594142259414226,0.03443328550932569
Gatik,Mountain View,CA,United States,95,2017.0,Delivery,355,359,10980000.0,1.0,0.0025439330543933054,0.18077474892395984
RateHawk,Dover,DE,United States,765,2016.0,Leisure,356,360,327989200.0,4.0,0.0,1.0
Helbiz,New York,NY,United States,218,2016.0,Transportation,362,366,80745400.0,37.0,0.0016401673640167363,0.008608321377331422
Clayton Dubilier and Rice,New York,NY,United States,257,1978.0,Finance,364,368,60952500.0,1.0,0.47489539748953974,0.030129124820659974
Geneva Financial,Chandler,AZ,United States,650,2007.0,Finance,365,369,182156100.0,179.0,0.0002845188284518828,0.008608321377331422
Boxlight,Lawrenceville,GA,United States,163,1985.0,Edtech,372,376,21973000.0,1.0,0.0012635983263598327,0.01865136298421808
Gordian Software,Seattle,WA,United States,56,2017.0,Aviation,374,378,12627180.0,1.0,0.0,0.09325681492109039
Encamp,Indianapolis,IN,United States,94,2017.0,Tech Services,375,379,14355000.0,3.0,0.0003598326359832636,0.054519368723098996
Agree Realty Corporation,Bloomfield Hills,MI,United States,88,1971.0,Real Estate,376,380,319330000.0,1.0,0.02719665271966527,0.03730272596843616
BigID,New York,NY,United States,537,2016.0,IT Security,377,381,146121120.0,48.0,0.005148535564853556,0.024390243902439025
Cross River,Fort Lee,NJ,United States,897,2008.0,Fintech,379,383,175117800.0,15.0,0.01899581589958159,0.03156384505021521
Zora,Los Angeles,CA,United States,53,2020.0,Fintech,381,385,6333600.0,1.0,0.0,0.08751793400286945
MasterControl,Salt Lake City,UT,United States,786,1993.0,Tech Services,383,387,171063750.0,63.0,0.0,0.020086083213773316
United Derm Partners,Brentwood,TN,United States,228,2016.0,Consulting,384,388,60742000.0,1.0,0.0,0.7647058823529412
Atom bank,Durham,NC,UK,433,2014.0,Fintech,385,389,75120500.0,1.0,0.015514644351464435,0.004304160688665711
STORD,Atlanta,GA,United States,447,2016.0,Delivery,387,391,67100000.0,47.0,0.0042887029288702925,0.0028694404591104736
Great Rock Capital,Westport,CT,United States,29,2015.0,Finance,389,393,5880000.0,1.0,0.0,0.010043041606886658
DarioHealth Corp.,New York,NY,United States,246,2011.0,Digital Health,390,394,28896000.0,9.0,0.003535564853556485,0.017216642754662843
Commonwealth Fusion Systems,Cambridge,MA,United States,414,2017.0,Research,392,396,56349900.0,17.0,0.04184100418410042,0.13916786226685798
Dapper Labs,Vancouver,BC,CAN,423,2018.0,Fintech,395,399,73304400.0,44.0,0.012709205020920503,0.17360114777618366
Evisort,San Mateo,CA,United States,267,2016.0,LegalTech,402,406,42140000.0,33.0,0.0011631799163179916,0.09038737446197992
TaxBit,Draper,UT,United States,235,2018.0,Fintech,404,408,34518250.0,1.0,0.0049330543933054395,0.06025824964131995
Alexco Resource Corp.,Vancouver,BC,CAN,107,2006.0,Mining,406,410,21805000.0,1.0,0.001002092050209205,0.01865136298421808
HawkEye 360,Herndon,VA,United States,148,2015.0,Defense,407,411,51320500.0,19.0,0.0063661087866108785,0.02295552367288379
Alexco Environmental Group,Greenwood Village,CO,United States,87,2005.0,Environmental,408,412,19110000.0,1.0,0.001002092050209205,0.017216642754662843
TestFit,Dallas,TX,United States,110,2016.0,Design,409,413,30132000.0,1.0,0.0,0.733142037302726
AutoGrid,Redwood City,CA,United States,136,2011.0,Analytics,413,417,21521500.0,29.0,0.0033682008368200837,0.027259684361549498
Doodles,Vancouver,BC,CAN,33,2021.0,Fintech,415,419,3458000.0,1.0,0.0,0.13486370157819225
May Mobility,Ann Arbor,MI,United States,282,2017.0,Automotive,418,422,105006000.0,35.0,0.003485355648535565,0.03586800573888092
The Mortgage Calculator Co,Miami,FL,United States,170,2020.0,Finance,419,423,47124000.0,1.0,0.0,0.727403156384505
Truveta,Seattle area,WA,United States,251,2020.0,Digital Health,420,424,42504000.0,1.0,0.0040794979079497905,0.41893830703012913
Get Spiffy,Raleigh-Durham,NC,United States,168,2014.0,Consumer,421,425,47489200.0,1.0,0.0010481171548117154,0.04878048780487805
solo.io,Cambridge,MA,United States,186,2017.0,Analytics,422,426,29347500.0,1.0,0.0035878661087866107,0.17073170731707318
Weee!,Fremont,CA,United States,586,2015.0,DeliveryTech,426,430,406000000.0,59.0,0.01805020920502092,0.0028694404591104736
Xage Security,Palo Alto,CA,United States,72,2016.0,IT Security,429,433,15504000.0,1.0,0.0009623430962343096,0.12195121951219513
Alexandria Real Estate Equities,Pasadena,CA,United States,627,1994.0,Real Estate,431,435,2010000000.0,1.0,0.00018200836820083681,0.005738880918220947
iCapital Network,New York,NY,United States,967,2013.0,Fintech,432,436,251708600.0,1.0,0.015255230125523012,0.05595408895265423
Bowery Farming,New York,NY,United States,530,2015.0,Food,434,438,190995300.0,41.0,0.013527196652719665,0.03443328550932569
Tome,San Francisco,CA,United States,46,2020.0,AI,435,439,5107200.0,1.0,0.0,0.11047345767575323
ConsenSys,Brooklyn,NY,United States,890,2014.0,Fintech,436,440,231631400.0,1.0,0.015167364016736401,0.0
Notable,San Mateo,CA,United States,213,2017.0,Digital Health,437,441,33712000.0,1.0,0.002493723849372385,0.4017216642754663
Salt Security,Palo Alto,CA,United States,206,2016.0,IT Security,441,445,47368800.0,7.0,0.005669456066945607,0.027259684361549498
Assent Compliance,Ottawa,ON,Canada,968,2005.0,Analytics,443,447,203403200.0,5.0,0.01116317991631799,0.08321377331420374
The Intersect Group,Sandy Springs,GA,United States,309,2006.0,Recruiting,444,448,47250000.0,1.0,0.0,0.7259684361549498
Divvy Homes,San Francisco,CA,United States,306,2017.0,Real Estate Tech,447,451,57073800.0,28.0,0.02510460251046025,0.047345767575322814
Chipper Cash,San Francisco,CA,United States,388,2017.0,Fintech,453,457,67195700.0,7.0,0.006322175732217573,0.03156384505021521
EasyKnock,New York,NY,United States,127,2016.0,Fintech,455,459,24875500.0,16.0,0.008403765690376569,0.03299856527977044
Anchorage,San Francisco,CA,United States,387,2017.0,Fintech,456,460,67030600.0,1.0,0.010188284518828451,0.11047345767575323
Superpedestrian,Cambridge,MA,United States,232,2013.0,Robotics,457,461,76067000.0,41.0,0.00547489539748954,0.06456241032998565
Flock Safety,Atlanta,GA,United States,553,2017.0,IT Security,459,463,150525480.0,52.0,0.007962343096234309,0.0817790530846485
StorQuest Self Storage,Apache Junction,AZ,United States,184,1995.0,Retail,461,465,57930400.0,1.0,0.0,0.02295552367288379
YieldStreet,New York,NY,United States,249,2015.0,Fintech,462,466,57619900.0,4.0,0.006872384937238494,0.16499282639885224
Coralogix,San Francisco,CA,United States,231,2014.0,DevOps,463,467,36571500.0,2.0,0.0020125523012552303,0.12338593974175037
Viz.ai,San Francisco,CA,United States,409,2016.0,AI,466,470,169726200.0,47.0,0.0031715481171548116,0.011477761836441894
Medstar of Michigan,Clinton Township ,MI,United States,346,1993.0,Hospital/Healthcare,467,471,150525000.0,1.0,0.0,0.697274031563845
Esusu,New York,NY,United States,167,2016.0,Fintech,468,472,24456250.0,1.0,0.0030334728033472804,0.038737446197991396
Mem Labs,Los Altos Hills,CA,United States,43,2019.0,AI,469,473,4788000.0,1.0,0.0,0.061692969870875185
Jellyfish,Boston,MA,United States,209,2017.0,Tech Services,471,475,34136625.0,1.0,0.002395397489539749,0.36441893830703015
Jet Edge International,Van Nuys,CA,United States,366,2011.0,Aviation,474,478,119969280.0,1.0,0.00596234309623431,0.011477761836441894
Pie Insurance,Washington,DC,United States,461,2017.0,Fintech,475,479,79908400.0,24.0,0.006401673640167364,0.04160688665710187
AgentSync,Denver,CO,United States,250,2018.0,InsureTech,476,480,29347500.0,20.0,0.0023242677824267784,0.163558106169297
ZeroAvia,Hollister,CA,United States,240,2018.0,Aviation,477,481,66641400.0,1.0,0.002301255230125523,0.13199426111908177
Trovata.io,San Diego,CA,United States,128,2016.0,Fintech,479,483,17420000.0,1.0,0.0006401673640167364,0.06456241032998565
Infusion for Health,Thousand Oaks,CA,United States,78,2015.0,Hospital/Healthcare,480,484,27270000.0,1.0,0.0,0.5566714490674319
Observe.AI,San Francisco,CA,United States,273,2017.0,Analytics,485,489,43193500.0,33.0,0.0018619246861924686,0.020086083213773316
Arcline Investment Management,Nashville,TN,United States,53,2018.0,Investments,486,490,11059440.0,1.0,0.0,0.011477761836441894
Claroty,New York,NY,United States,424,2014.0,IT Security,489,493,115290600.0,1.0,0.013389121338912133,0.04591104734576758
Comcast Cable,Philadelphia,PA,USA,66,1963.0,Telecom,490,494,19509750.0,1.0,0.10251046025104603,0.054519368723098996
At-Bay,Mountain View,CA,United States,273,2016.0,Fintech,491,495,40108250.0,23.0,0.006108786610878661,0.06312769010043041
Rec Room,Seattle,WA,United States,287,2016.0,Gaming,492,496,77218540.0,24.0,0.006150627615062762,0.08464849354375897
InterWell Health,Waltham,MA,United States,270,2019.0,Hospital/Healthcare,494,498,117450000.0,1.0,0.0,0.6470588235294118
Dragos,Hanover,MD,United States,580,2016.0,IT Security,495,499,157779720.0,65.0,0.007619246861924686,0.04591104734576758
Drip Capital,Palo Alto,CA,United States,376,2015.0,Fintech,496,500,65214500.0,28.0,0.007847280334728033,0.11477761836441894
ColdQuanta,Boulder,CO,United States,268,2007.0,Defense,497,501,93039100.0,1.0,0.001497907949790795,0.15494978479196558
PosiGen,Jefferson,LA,United States,362,2011.0,Environmental,498,502,101346000.0,34.0,0.004665271966527196,0.03156384505021521
Misfits Market,Delanco,NJ,United States,381,2018.0,Food,500,504,137160000.0,21.0,0.011014644351464434,0.03156384505021521
Coldwell Banker Harris McHaney and Faucette,Fayetteville,AR,United States,317,1956.0,Real Estate,502,506,65437500.0,1.0,0.0,0.005738880918220947
High Street,Traverse City,MI,United States,79,2018.0,Fintech,503,507,13130000.0,1.0,0.0,0.04591104734576758
Activ Surgical,Boston,MA,United States,63,2017.0,Medical Equip,504,508,19327000.0,1.0,0.0017866108786610878,0.024390243902439025
The Riverside Company,New York,NY,United States,440,1988.0,Investments,505,509,133189980.0,3.0,0.00025104602510460253,0.01291248206599713
Saasvaap,Santa Clara,CA,United States,136,2016.0,Tech Services,506,510,35000000.0,1.0,0.0,0.6370157819225252
Monogram Health,Nashville,TN,United States,407,2019.0,Hospital/Healthcare,507,511,146418300.0,1.0,0.003598326359832636,0.13055954088952654
Vercel,San Francisco,CA,United States,434,2015.0,DevOps,509,513,92575000.0,1.0,0.0065481171548117155,0.1248206599713056
Allbirds,San Francisco,CA,United States,665,2015.0,Apparel,511,515,259530000.0,49.0,0.004236401673640167,0.02295552367288379
EP Wealth Advisors,Torrance,CA,United States,287,2004.0,Fintech,512,516,49695100.0,13.0,0.0,0.04591104734576758
BROADSTAFF,Tampa,FL,United States,68,2015.0,Recruiting,513,517,7452000.0,300.0,0.0,0.03730272596843616
AppOmni,San Francisco,CA,United States,149,2018.0,IT Security,515,519,34210800.0,1.0,0.001108786610878661,0.06886657101865137
Moov Technologies,San Francisco,CA,United States,85,2018.0,Semiconductors,518,522,25300000.0,1.0,0.0,0.14634146341463417
GI Partners,San Francisco,CA,USA,198,2001.0,Real Estate Tech,519,523,31304000.0,1.0,0.0,0.024390243902439025
Qualified,San Francisco,CA,United States,198,2018.0,Salestech,520,524,31304000.0,1.0,0.0014225941422594142,0.06599713055954089
Anyword,New York,NY,USA,266,2013.0,Marketing,523,527,74981250.0,1.0,0.0006297071129707113,0.51506456241033
Moxion Power Co.,Mill Valley,CA,United States,132,2020.0,Environmental,526,530,36267000.0,1.0,0.0,0.430416068866571
TaskHuman,Saratoga,CA,United States,486,2017.0,Fintech,529,533,101075000.0,1.0,0.0,0.43758967001434723
PlanetScale,Mountain View,CA,United States,101,2018.0,Tech Services,531,535,15370000.0,1.0,0.002196652719665272,0.14060258249641322
Sitetracker,Palo Alto,CA,United States,363,2013.0,eCommerceTech,534,538,67741800.0,28.0,0.001820083682008368,0.01291248206599713
Lattice,San Francisco,CA,United States,712,2015.0,Analytics,536,540,149749600.0,61.0,0.0033577405857740587,0.047345767575322814
Solid Power,Louisville,CO,United States,160,2011.0,Environmental,537,541,37926000.0,1.0,0.007981171548117155,0.09325681492109039
ColorStack,Freeport,NY,USA,224,2020.0,Tech Services,538,542,37163500.0,1.0,0.0,0.6040172166427547
Human Interest,San Francisco,CA,United States,700,2015.0,Fintech,539,543,182182000.0,42.0,0.0070439330543933054,0.03730272596843616
AltoIRA,Nashville,TN,United States,114,2016.0,Fintech,540,544,22360000.0,6.0,0.0014707112970711296,0.1248206599713056
Snapshots,Winter Park,FL,United States,83,2012.0,Tech Services,541,545,12470000.0,1.0,0.0,0.6011477761836442
EquityBee,Palo Alto,CA,United States,97,2017.0,Fintech,542,546,13260000.0,12.0,0.0017845188284518827,0.11477761836441894
CoreStack,Bellevue,WA,United States,282,2016.0,Tech Services,543,547,46139000.0,11.0,0.0009560669456066945,0.10473457675753228
MidOcean Partners,New York,NY,United States,121,2003.0,Investments,544,548,28829000.0,1.0,0.0,0.027259684361549498
Summus,New York,NY,United States,72,2015.0,Digital Health,545,549,11060000.0,1.0,0.0,0.37302725968436157
Wealth Enhancement Group,Plymouth,MN,United States,886,1997.0,Fintech,550,554,206388000.0,2.0,0.0,0.020086083213773316
Golinks,San Jose,CA,United States,84,2017.0,Tech Services,553,557,12615000.0,1.0,0.0,0.490674318507891
Iteris,Santa Ana,CA,United States,597,2004.0,Tech Services,554,558,300000000.0,1.0,0.00013598326359832636,0.007173601147776184
Vivun,Oakland,CA,United States,149,2018.0,Support/CRM Tech,555,559,23478000.0,13.0,0.0011715481171548118,0.028694404591104734
Moody Center ATX,Austin,TX,United States,94,2019.0,Entertainment,556,560,23780000.0,1.0,0.0,0.5308464849354376
Genvid Technologies,New York,NY,United States,151,2016.0,Media,557,561,35039625.0,2.0,0.0034728033472803347,0.038737446197991396
Rexford Industrial,Los Angeles,CA,United States,221,2001.0,Real Estate,559,563,408180000.0,21.0,2.510460251046025e-05,0.02582496413199426
Hello Heart,Palo Alto,CA,United States,215,2013.0,Digital Health,560,564,34013000.0,2.0,0.0014267782426778243,0.1592539454806313
Inxeption,Brisbane,CA,United States,298,2017.0,eCommerceTech,562,566,43193500.0,1.0,0.007039748953974895,0.03586800573888092
Nasuni,Boston,MA,United States,457,2009.0,Tech Services,563,567,88392000.0,19.0,0.0039121338912133895,0.04017216642754663
Sole Source Capital,Santa Monica,CA,United States,30,2016.0,Fintech,564,568,3952000.0,1.0,0.0,0.05164992826398852
Steward Partners Global Advisory,Washington,DC,United States,305,2013.0,Fintech,565,569,52832000.0,3.0,0.00010251046025104602,0.01291248206599713
Pipe,Miami,FL,United States,216,2019.0,Fintech,566,570,31723250.0,5.0,0.0066108786610878665,0.07173601147776185
ABL Space Systems,El Segundo,CA,United States,286,2017.0,Aviation,567,571,79335000.0,1.0,0.008765690376569038,0.03299856527977044
BurnAlong,Baltimore,MD,United States,94,2016.0,Digital Health,569,573,13860000.0,13.0,0.00033472803347280337,0.03443328550932569
Overhaul,Austin,TX,United States,258,2016.0,Logistics,570,574,88854125.0,30.0,0.0013389121338912135,0.03586800573888092
Picus Security,San Francisco,CA,United States,222,2013.0,Tech Services,571,575,36318875.0,1.0,0.0006694560669456067,0.11190817790530846
Yellowbrick Data,Palo Alto,CA,United States,170,2014.0,Analytics,574,578,26939500.0,5.0,0.005188284518828452,0.02582496413199426
Mediafly,Chicago,IL,United States,221,2006.0,Martech,576,580,34916000.0,1.0,0.0012489539748953974,0.028694404591104734
Distributed Solar Development,Schenectady,NY,United States,218,2019.0,Environmental,577,581,51696750.0,1.0,0.01715481171548117,0.028694404591104734
New Mountain Capital,New York,NY,United States,258,1999.0,Investments,578,582,66130775.0,1.0,0.0011401673640167363,0.02582496413199426
Nikola Labs,Westerville,OH,USA,87,2014.0,Engineering,579,583,9100000.0,1.0,0.0002112970711297071,0.10616929698708752
Alma,New York,NY,United States,624,2018.0,Digital Health,581,585,116459000.0,5.0,0.001893305439330544,0.1291248206599713
Middleby Corporation,Elgin,IL,United States,426,1888.0,Machinery,582,586,3110000000.0,1.0,0.00050418410041841,0.007173601147776184
Jackpocket,Brooklyn,NY,United States,145,2013.0,Tech Services,583,587,23693000.0,2.0,0.005221757322175732,0.021520803443328552
Greenlight Financial Technology,Atlanta,GA,United States,551,2014.0,Fintech,584,588,95592900.0,23.0,0.011642259414225942,0.007173601147776184
Anyscale,San Francisco,CA,United States,286,2019.0,AI,585,589,45150000.0,1.0,0.0033472803347280333,0.14490674318507893
Roofstock,Oakland,CA,United States,469,2015.0,Fintech,586,590,108470700.0,2.0,0.005648535564853557,0.005738880918220947
Kate Farms,Santa Barbara,CA,United States,229,2012.0,Food,588,592,69660000.0,10.0,0.0023640167364016736,0.015781922525107604
Grow Therapy,New York,NY,United States,335,2020.0,Hospital/Healthcare,589,593,145800000.0,1.0,0.0,0.4088952654232425
HUNGRY Marketplace,Rosslyn ,VA,United States,273,2016.0,Food,592,596,83301750.0,1.0,0.0006401673640167364,0.05882352941176471
Adlumin,Washington,DC,United States,92,2016.0,Analytics,593,597,13580000.0,1.0,0.001002092050209205,0.34576757532281205
Augury,New York,NY,United States,401,2012.0,AI,594,598,74853800.0,25.0,0.006150627615062762,0.021520803443328552
Pure Watercraft,Seattle,WA,United States,83,2011.0,Sports,598,602,13920000.0,1.0,0.0008284518828451882,0.054519368723098996
Sayari Labs,Washington,DC,United States,140,2015.0,Tech Services,602,606,22913625.0,1.0,0.001981171548117155,0.09612625538020086
Prime Trust,Las Vegas,NV,United States,315,2016.0,Fintech,603,607,54648100.0,1.0,0.0014435146443514645,0.05164992826398852
Airbase,San Francisco,CA,United States,303,2017.0,Fintech,604,608,52501800.0,12.0,0.001893305439330544,0.03156384505021521
Evolution Travel,Henderson,NV,United States,257,1979.0,Leisure,605,609,98353750.0,1.0,0.0,0.5652797704447633
Menlo Micro,Irvine,CA,United States,75,2016.0,Semiconductors,606,610,21725000.0,1.0,0.0016213389121338912,0.07173601147776185
Orca Security,Portland,OR,United States,445,2019.0,IT Security,609,613,120990360.0,2.0,0.013221757322175733,0.05595408895265423
Gao Tek,Manhattan,ON,Canada,487,2005.0,Telecom,610,614,223437500.0,1.0,0.0,0.6083213773314204
Netlify,San Francisco,CA,United States,285,2015.0,DevOps,613,617,44999500.0,15.0,0.004228033472803348,0.04447632711621234
K Health,New York,NY,United States,402,2016.0,Digital Health,615,619,75031600.0,21.0,0.005675732217573222,0.01291248206599713
Baldwin Risk Partners,Tampa,FL,United States,601,2011.0,Insurance,619,623,477740000.0,1.0,0.000506276150627615,0.08895265423242468
Impartner Software,South Jordan,UT,United States,216,1997.0,Salestech,620,624,34163500.0,11.0,0.002301255230125523,0.020086083213773316
Real,New York,NY,United States,133,2019.0,Health,622,626,40635000.0,1.0,0.00033472803347280337,0.33428981348637016
Socotra,San Francisco,CA,United States,197,2014.0,Fintech,623,627,28928250.0,7.0,0.0009184100418410042,0.043041606886657105
Aviation Capital Group (ACG),Newport Beach,CA,United States,145,1989.0,Aviation,624,628,40196400.0,1.0,0.0,0.005738880918220947
Engage3,Davis,CA,United States,223,2008.0,Business Intelligence,625,629,35217000.0,4.0,0.0012343096234309623,0.20373027259684362
Waterplan (YC S21),San Francisco,CA,United States,72,2020.0,Tech Services,630,634,11020000.0,1.0,5.648535564853556e-05,0.32568149210903874
Vital,Atlanta,GA,United States,95,2017.0,AI,631,635,14280000.0,1.0,0.0,0.4490674318507891
Cerby,San Francisco,CA,United States,62,2020.0,Tech Services,633,637,8352000.0,1.0,0.0,0.32424677187948353
Sila Nanotechnologies,Alameda,CA,United States,342,2011.0,Electronics,634,638,111702850.0,47.0,0.01842050209205021,0.015781922525107604
Persona Identities,San Francisco,CA,United States,226,2018.0,IT Security,636,640,51974100.0,1.0,0.004550209205020921,0.1205164992826399
Uptycs,Waltham,MA,United States,298,2016.0,IT Security,637,641,81092040.0,1.0,0.0019456066945606695,0.07890961262553803
Statespace,New York,NY,United States,114,2017.0,Gaming,639,643,24240000.0,11.0,0.0021359832635983265,0.14921090387374464
Rhombus Systems,Sacramento,CA,United States,140,2016.0,Security,640,644,29284200.0,1.0,0.0,0.44763271162123386
My Eyelab,Coral Springs,FL,United States,246,2013.0,Retail,641,645,87962500.0,10.0,0.0,0.011477761836441894
Genesis Global Technology,New York,NY,United States,257,2012.0,Fintech,642,646,37732500.0,1.0,0.005225941422594142,0.03730272596843616
Mangata Networks,Phoenix,AZ,United States,86,2020.0,Telecom,644,648,31525000.0,1.0,0.0,0.4447632711621234
Kangarootime,Buffalo,NY,United States,66,2015.0,EdTech,649,653,8404200.0,1.0,0.0002405857740585774,0.07173601147776185
Sana Benefits,Austin,TX,United States,279,2017.0,Fintech,653,657,40946750.0,5.0,0.0009790794979079498,0.06886657101865137
Clever Real Estate,St Louis,MO,United States,104,2017.0,Real Estate,655,659,16350000.0,11.0,0.00027615062761506275,0.0975609756097561
Parallel Learning,New York,NY,USA,92,2021.0,Health,659,663,26190000.0,1.0,0.00023640167364016737,0.3113342898134864
Tackle.io,Newton,MA,United States,329,2016.0,Martech,660,664,61341000.0,1.0,0.003102510460251046,0.1248206599713056
DISCO,Austin,TX,United States,757,2012.0,Legaltech,662,666,99720000.0,58.0,0.004887029288702929,0.061692969870875185
Xealth,Seattle,WA,United States,87,2017.0,Digital Health,663,667,12740000.0,5.0,0.001098326359832636,0.05738880918220947
VNDLY,Cincinnati,OH,United States,158,2017.0,Tech Services,664,668,25875250.0,3.0,0.001213389121338912,0.06312769010043041
Sigma Computing,San Francisco,CA,United States,444,2014.0,Business Intelligence,665,669,82854800.0,6.0,0.007976987447698744,0.18794835007173602
Lacework,San Jose,CA,United States,985,2015.0,IT Security,666,670,301638480.0,34.0,0.0397489539748954,0.20946915351506457
Pye-Barker Fire and Safety,Alpharetta,GA,United States,437,1946.0,Construction,668,672,242512500.0,1.0,0.0,0.02295552367288379
Walnut,New York,NY,United States,128,2020.0,Tech Services,669,673,19285000.0,1.0,0.0,0.18507890961262555
Headout,New York,NY,United States,422,2014.0,Leisure,670,674,142340330.0,11.0,0.0012071129707112971,0.14490674318507893
TigerConnect,Santa Monica,CA,United States,275,2010.0,Digital Health,675,679,43494500.0,1.0,0.008376569037656904,0.020086083213773316
Foxtrot Ventures,Chicago,IL,United States,302,2013.0,Tech Services,678,682,58375550.0,35.0,0.003489539748953975,0.05738880918220947
Walk-On's Sports Bistreaux,Baton Rouge,LA,United States,761,2003.0,Restaurants,681,685,199949750.0,12.0,0.0,0.03299856527977044
SOCi,San Diego,CA,United States,659,2012.0,Martech,682,686,123037600.0,54.0,0.0024644351464435145,0.07460545193687232
ShipMonk,Fort Lauderdale,FL,United States,669,2014.0,Logistics,683,687,306177300.0,10.0,0.007635983263598326,0.054519368723098996
Thentia,Toronto,ON,CAN,143,2014.0,Tech Services,684,688,23381250.0,1.0,0.0005753138075313808,0.05738880918220947
GTCR,Chicago,IL,United States,190,1980.0,Finance,686,690,45150000.0,1.0,0.0,0.05738880918220947
TPG Sixth Street Partners,San Francisco,CA,United States,543,2009.0,Investments,689,693,114451130.0,1.0,1.0,0.05738880918220947
Guideline Technologies,San Mateo,CA,United States,421,2015.0,Fintech,690,694,97243900.0,25.0,0.007092050209205021,0.03586800573888092
Cepton,San Jose,CA,United States,107,2016.0,3D,693,697,19040000.0,1.0,0.002531380753138075,0.01291248206599713
Karat,Seattle,WA,United States,390,2014.0,HRTech,695,699,72898000.0,10.0,0.0035376569037656905,0.11190817790530846
FLYR,San Francisco,CA,United States,338,2013.0,Fintech,696,700,58610500.0,4.0,0.003918410041841004,0.11190817790530846
Contra,San Francisco,CA,United States,126,2019.0,Fintech,697,701,23023000.0,1.0,0.0009309623430962343,0.4218077474892396
Xometry,Gaithersburg,MD,United States,592,2013.0,3D,698,702,189220000.0,84.0,0.004125523012552301,0.03156384505021521
Great Hill Partners,Boston,MA,United States,95,1998.0,Finance,699,703,21000000.0,1.0,0.0,0.03156384505021521
Beacon Pointe,Newport Beach,CA,United States,353,2002.0,Fintech,700,704,61252100.0,1.0,0.0,0.027259684361549498
Cockroach Labs,New York,NY,United States,506,2015.0,Software,701,705,107899200.0,30.0,0.013244769874476987,0.028694404591104734
Centivo,New York,NY,USA,223,2017.0,Insurance,702,706,55341000.0,1.0,0.0025397489539748953,0.05021520803443329
Stairwell,Palo Alto,CA,United States,64,2019.0,IT Security,704,708,11891160.0,1.0,0.0005125523012552302,0.29411764705882354
Diamond Age,Fremont,CA,United States,64,2018.0,Construction,705,709,28420000.0,1.0,0.0,0.29411764705882354
CyCognito,Palo Alto,CA,United States,174,2017.0,IT Security,706,710,40131900.0,1.0,0.003200836820083682,0.09038737446197992
TOCA Football,Costa Mesa,CA,United States,251,2013.0,Babytech,708,712,45408000.0,1.0,0.001914225941422594,0.007173601147776184
DigiLens,Sunnyvale,CA,United States,85,2003.0,Tech Services,710,714,12905000.0,3.0,0.002301255230125523,0.04447632711621234
Swimlane,Louisville,CO,United States,186,2014.0,IT Security,711,715,42763500.0,2.0,0.0017761506276150628,0.047345767575322814
Securitize,San Francisco,CA,United States,117,2017.0,Fintech,712,716,22919000.0,1.0,0.002096234309623431,0.005738880918220947
Legacy,Boston,MA,United States,127,2017.0,Digital Health,714,718,18620000.0,1.0,0.0004225941422594142,0.04591104734576758
Skyryse,Hayward,CA,United States,88,2016.0,Tech Services,716,720,13340000.0,4.0,0.005031380753138076,0.0817790530846485
Form Energy,Somerville,MA,United States,373,2017.0,Environmental,717,721,104546400.0,28.0,0.0077154811715481175,0.10473457675753228
Battery Resourcers,Worcester,MA,United States,118,2015.0,Chemicals,718,722,7500000.0,1.0,0.0,0.18794835007173602
Gravie,Minneapolis,MN,United States,234,2013.0,Digital Health,719,723,37023000.0,1.0,0.00150836820083682,0.12769010043041606
Nature's Fynd,Chicago,IL,United States,158,2012.0,Food,721,725,48181500.0,1.0,0.010661087866108787,0.02295552367288379
Payment Rails,Montreal,QC,CAN,87,2015.0,Tech Services,724,728,13195000.0,1.0,0.0002112970711297071,0.5136298421807748
Built Technologies,Nashville,TN,United States,473,2014.0,Fintech,725,729,82054700.0,4.0,0.006048117154811715,0.06312769010043041
SignalWire,Palo Alto,CA,United States,96,2017.0,Telecom,726,730,32825000.0,1.0,0.0008702928870292887,0.020086083213773316
eLearning Brothers,American Fork,UT,USA,270,2009.0,EdTech,727,731,42742000.0,1.0,0.0019246861924686193,0.12338593974175037
Robin,Boston,MA,United States,217,2014.0,Business Intelligence,729,733,34314000.0,10.0,0.0006087866108786611,0.03586800573888092
Wahed,New York,NY,United States,203,2015.0,Fintech,730,734,39689000.0,1.0,0.0008368200836820083,0.04017216642754663
Federated Wireless,Arlington,VA,United States,129,2012.0,Wireless,731,735,47250000.0,5.0,0.004010460251046025,0.03586800573888092
CompanyCam,Lincoln,NE,United States,186,2015.0,Construction,732,736,60791250.0,1.0,0.000794979079497908,0.04017216642754663
Matador,New York,NY,United States,267,2017.0,Fintech,733,737,26971750.0,1.0,6.694560669456067e-05,0.04017216642754663
Untether AI,Toronto,ON,CAN,106,2018.0,Semiconductors,734,738,30525000.0,6.0,0.003179916317991632,0.03299856527977044
Bounce,San Francisco,CA,United States,52,2018.0,Tech Services,735,739,7047000.0,1.0,0.0,0.32281205164992827
Kymeta Corporation,Redmond,WA,USA,275,2012.0,Telecom,737,741,100969375.0,1.0,0.008719665271966527,0.01865136298421808
Fetch Rewards,Boston,MA,United States,812,2013.0,eCommerce,740,744,84390000.0,63.0,0.012171548117154811,0.021520803443328552
Workiz,San Diego,CA,United States,106,2015.0,EdTech,741,745,15540000.0,1.0,0.0012615062761506277,0.16068866571018653
Palmetto,Charleston,SC,United States,565,2010.0,Environmental,743,747,158153100.0,6.0,0.010006276150627614,0.015781922525107604
Palmetto,Charleston,SC,United States,565,2009.0,Environmental,744,748,158153100.0,6.0,0.010006276150627614,0.015781922525107604
Ayar Labs,Emeryville,CA,USA,118,2015.0,Hardware,745,749,49600000.0,14.0,0.0013493723849372385,0.02295552367288379
Cowbell,Pleasanton,CA,United States,258,2019.0,Fintech,746,750,37872250.0,1.0,0.000493723849372385,0.07747489239598279
NEXTAFF,Leawood,KS,United States,272,2002.0,Recruiting,747,751,36564000.0,1.0,0.0,0.03730272596843616
LK,Los Angeles,CA,United States,168,2016.0,Tech Services,748,752,27912500.0,1.0,0.0,0.5078909612625538
AssemblyAI (YC S17),San Francisco,CA,United States,68,2017.0,Tech Services,751,755,9265500.0,1.0,0.0,0.28120516499282644
Truck-Lite Co.,Falconer,NY,United States,247,1955.0,Transportation,754,758,74751200.0,1.0,0.0,0.014347202295552367
Amador Bioscience,Pleasanton,CA,USA,99,2018.0,Pharma,757,761,20904000.0,1.0,0.0012552301255230125,0.38307030129124825
Nature's Fynd,Chicago ,IL,United States,150,2012.0,Food,759,763,45859500.0,1.0,0.010661087866108787,0.01291248206599713
Florence Healthcare,Atlanta,GA,United States,290,2014.0,Digital Health,760,764,54229000.0,1.0,0.0018577405857740585,0.07604017216642756
ChargeAfter,New York,NY,United States,105,2016.0,Fintech,763,767,14300000.0,4.0,0.00035564853556485355,0.030129124820659974
Capacity,St Louis,MO,United States,109,2017.0,AI,764,768,16530000.0,21.0,0.0012866108786610878,0.008608321377331422
Wiliot,Caesarea,CA,United States,175,2017.0,Wireless,765,769,69230000.0,1.0,0.005627615062761506,0.07317073170731708
Slingshot Aerospace,El Segundo,CA,United States,145,2016.0,Tech Services,766,770,23693000.0,1.0,0.0014581589958158996,0.15351506456241035
Sense Energy,Cambridge,MA,United States,150,2013.0,Electronics,767,771,41613250.0,1.0,0.0009832635983263599,0.07173601147776185
Updater,New York,NY,United States,183,2011.0,eCommerceTech,769,773,28896000.0,1.0,0.0052824267782426776,0.07173601147776185
Courier,San Francisco,CA,United States,174,2019.0,Tech Services,770,774,28869500.0,1.0,0.0,0.3988522238163558
Cooks Venture,New York,NY,United States,88,2018.0,Food,771,775,24840000.0,1.0,0.0008326359832635983,0.030129124820659974
Trust and Will,San Diego,CA,United States,92,2017.0,Fintech,772,776,12610000.0,2.0,0.00030543933054393306,0.027259684361549498
Osso VR,Palo Alto,CA,United States,221,2016.0,Hospital/Healthcare,775,779,67338000.0,8.0,0.000903765690376569,0.06456241032998565
Celo,San Francisco,CA,United States,104,2017.0,Fintech,778,782,14170000.0,11.0,0.001391213389121339,0.05595408895265423
LambdaTest,San Francisco,CA,United States,384,2017.0,DevOps,779,783,71653400.0,32.0,0.0005230125523012552,0.04447632711621234
Arsenal Capital Partners,New York,NY,United States,132,2000.0,Investments,781,785,31553000.0,1.0,0.0,0.027259684361549498
Tulip.co,Somerville,MA,United States,317,2014.0,3D,782,786,71894700.0,22.0,0.003190376569037657,0.08464849354375897
Tasso,Seattle,WA,United States,102,2012.0,Medical Equip,783,787,31124000.0,7.0,0.0028368200836820083,0.06025824964131995
Angelo Gordon,New York,NY,United States,634,1988.0,Investments,784,788,192001140.0,1.0,0.0,0.015781922525107604
Lightstone,New York,NY,United States,232,1988.0,Real Estate,786,790,39345000.0,4.0,0.013472803347280335,0.024390243902439025
CloudBees,San Jose,CA,United States,524,2010.0,DevOps,787,791,97790000.0,44.0,0.007451882845188285,0.02295552367288379
OpenFin,New York,NY,United States,107,2010.0,Fintech,788,792,14560000.0,1.0,0.0009832635983263599,0.02582496413199426
Agility Robotics,Albany,OR,United States,195,2015.0,Engineering,789,793,22037500.0,1.0,0.000602510460251046,0.18938307030129126
Branch International,San Francisco,CA,United States,238,2015.0,Fintech,790,794,34937500.0,3.0,0.005738493723849373,0.02295552367288379
Stellar Cyber,Santa Clara,CA,United States,101,2015.0,IT Security,791,795,21624000.0,1.0,0.0012510460251046024,0.14634146341463417
Ordr,Santa Clara,CA,United States,112,2015.0,IT Security,792,796,24072000.0,2.0,0.0011297071129707113,0.021520803443328552
The Boring Company,Hawthorne,CA,United States,277,2017.0,Transportation,793,797,102606600.0,31.0,0.01899581589958159,0.05021520803443329
Capella Space,San Francisco,CA,United States,207,2016.0,Defense,794,798,71848700.0,26.0,0.0017154811715481171,0.04878048780487805
Fundbox,San Francisco,CA,United States,244,2012.0,Fintech,795,799,35776000.0,4.0,0.011579497907949791,0.0014347202295552368
W2O Group,San Francisco,CA,United States,199,2001.0,Martech,796,800,31454500.0,1.0,0.0,0.043041606886657105
Lively HSA,San Francisco,CA,United States,186,2016.0,Fintech,797,801,27251250.0,1.0,0.0006485355648535565,0.06312769010043041
Patrick Industries,Elkhart,IN,United States,856,1959.0,Materials,800,804,3700000000.0,1.0,0.03138075313807531,0.015781922525107604
Reachdesk,New York,NY,United States,211,2018.0,Martech,801,805,33411000.0,11.0,0.0010251046025104603,0.25968436154949787
Tala,Santa Monica,CA,USA,657,2012.0,Fintech,802,806,113919000.0,10.0,0.008146443514644351,0.030129124820659974
Acceldata,Palo Alto,CA,United States,194,2018.0,Analytics,804,808,30702000.0,1.0,0.0009539748953974896,0.2654232424677188
Corelight,San Francisco,CA,United States,278,2013.0,IT Security,805,809,64035600.0,1.0,0.0033305439330543933,0.04017216642754663
Sepio Systems,Rockville,MD,United States,95,2016.0,IT Security,807,811,20400000.0,1.0,0.0003096234309623431,0.08034433285509326
Exabeam,San Mateo,CA,United States,722,2013.0,DevOps,808,812,151751600.0,99.0,0.008158995815899581,0.024390243902439025
GSOBA,Palo Alto,CA,United States,376,2017.0,Tech Services,809,813,72739250.0,14.0,0.008117154811715481,0.28120516499282644
Incode Technologies,San Francisco,CA,United States,302,2015.0,IT Security,812,816,82128360.0,1.0,0.005378661087866109,0.19799139167862267
SiMa.ai,San Jose,CA,United States,146,2018.0,Tech Services,814,818,23848875.0,1.0,0.002301255230125523,0.05738880918220947
Elektrik app,Orem,UT,United States,79,2019.0,Construction,816,820,35090000.0,1.0,0.0,0.48637015781922527
FingerprintJS,Chicago,IL,United States,145,2019.0,Tech Services,819,823,23693000.0,1.0,0.0009205020920502092,0.13773314203730275
Frontdesk,Milwaukee,WI,United States,122,2017.0,Real Estate Tech,820,824,17920000.0,1.0,0.00036192468619246864,0.014347202295552367
VideoAmp,Los Angeles,CA,United States,519,2014.0,Adtech,821,825,110744000.0,1.0,0.009552301255230126,0.05164992826398852
W. P. Carey,New York,NY,United States,260,1973.0,Real Estate,823,828,1280000000.0,1.0,0.0,0.014347202295552367
Conductor,New York,NY,United States,558,2008.0,Martech,824,829,104190800.0,39.0,0.004405857740585774,0.07030129124820661
General Fusion,Burnaby,BC,CAN,193,2002.0,Environmental,825,830,45827250.0,1.0,0.006738493723849373,0.054519368723098996
LeanTaaS,Santa Clara,CA,United States,326,2010.0,Digital Health,826,831,60807600.0,1.0,0.004972803347280334,0.028694404591104734
UserZoom,San Jose,CA,United States,456,2007.0,Tech Services,827,832,88207850.0,12.0,0.0028535564853556486,0.010043041606886658
Measurabl,San Diego,CA,United States,268,2013.0,DevOps,830,835,42290500.0,3.0,0.0016652719665271967,0.133428981348637
Gecko Robotics,Pittsburgh,PA,United States,211,2013.0,Industrial,832,837,84243450.0,14.0,0.0010251046025104603,0.043041606886657105
Hummingbird,San Francisco,CA,United States,100,2016.0,Fintech,833,838,13650000.0,1.0,0.0008619246861924686,0.13199426111908177
Lemonade Finance,Milton,ON,CAN,69,2020.0,Finance,835,840,17430000.0,1.0,0.0,0.3773314203730273
DataGrail,San Francisco,CA,United States,125,2018.0,Salestech,836,841,18340000.0,1.0,0.0008200836820083682,0.13199426111908177
Realty Income Corp,San Diego,CA,United States,504,1969.0,Real Estate,837,842,1820000000.0,1.0,0.13179916317991633,0.004304160688665711
Fictiv,San Francisco,CA,United States,258,2013.0,3D,839,845,49525250.0,5.0,0.0019372384937238493,0.047345767575322814
Resource Label Group,Franklin,TN,United States,266,1991.0,Printing,840,846,300000000.0,1.0,0.0033263598326359833,0.007173601147776184
Seeq Corporation,Seattle,WA,United States,210,2013.0,Analytics,841,847,33260500.0,1.0,0.002410041841004184,0.007173601147776184
National Retail Properties,Orlando,FL,United States,156,1984.0,Real Estate,842,848,702430000.0,1.0,0.01360041841004184,0.007173601147776184
Mission Lane,San Francisco,CA,United States,511,2018.0,Fintech,843,849,88658700.0,31.0,0.013598326359832635,0.06312769010043041
GOQii,California ,CA,United States,286,2014.0,Digital Health,844,850,45150000.0,1.0,0.0021464435146443515,0.007173601147776184
Everlaw,Oakland,CA,United States,529,2010.0,Legaltech,845,851,98679000.0,16.0,0.0062468619246861925,0.10329985652797705
Halo Investing,Chicago,IL,United States,146,2015.0,Investments,846,852,37335825.0,1.0,0.002407949790794979,0.027259684361549498
LendingUSA,Sherman Oaks,CA,United States,81,2015.0,Finance,847,853,17850000.0,1.0,0.015899581589958158,0.005738880918220947
PayCargo,Miami,FL,United States,100,2007.0,Fintech,852,858,13650000.0,1.0,0.0033472803347280333,0.04591104734576758
8minute Solar Energy,Los Angeles,CA,United States,201,2009.0,Environmental,855,861,47633250.0,1.0,0.01788702928870293,0.02582496413199426
West Shore Home,Mechanicsburg,PA,United States,791,2006.0,Construction,856,862,491260000.0,146.0,0.0,0.04591104734576758
HoneyBook,San Francisco,CA,United States,236,2013.0,CRM,857,863,24360000.0,1.0,0.010418410041841004,0.04447632711621234
Life House,New York,NY,United States,233,2017.0,Hospitality,860,866,66897250.0,22.0,0.02301255230125523,0.23672883787661408
Dierbergs Markets,Chesterfield,MO,United States,992,1854.0,Retail,861,867,397250000.0,1.0,0.0,0.004304160688665711
Paxos,New York,NY,United States,351,2013.0,Fintech,865,871,81064100.0,2.0,0.011265690376569038,0.05882352941176471
SamCart,Austin,TX,United States,131,2014.0,eCommerceTech,868,874,19320000.0,1.0,0.0002719665271966527,0.08321377331420374
Singularity 6,Los Angeles,CA,United States,169,2018.0,Gaming,869,875,38435550.0,1.0,0.0010251046025104603,0.12338593974175037
Clari,Sunnyvale,CA,United States,789,2012.0,Salestech,870,876,165765600.0,106.0,0.010376569037656904,0.021520803443328552
CareStack,Orlando,FL,United States,483,2012.0,Digital Health,871,877,90144600.0,1.0,0.0015502092050209205,0.03730272596843616
ezCater,Boston,MA,United States,710,2007.0,eCommerceTech,873,879,149349200.0,7.0,0.008803347280334727,0.061692969870875185
BlueNalu,San Diego,CA,United States,56,2017.0,Food,874,880,13859100.0,2.0,0.0017740585774058577,0.024390243902439025
ViewRay,Oakwood Village,OH,United States,307,2004.0,Medical Equip,875,881,167000000.0,6.0,0.015748953974895397,0.014347202295552367
Vymo,New York,NY,United States,479,2013.0,Salestech,876,882,89433400.0,5.0,0.0009393305439330544,0.03586800573888092
100 Thieves,Los Angeles,CA,United States,183,2017.0,Entertainment,877,883,42312000.0,3.0,0.002510460251046025,0.05882352941176471
HistoSonics,Ann Arbor,MI,United States,86,2009.0,Medical Equip,879,885,26355000.0,1.0,0.0026527196652719664,0.03730272596843616
Ready Set Food,Los Angeles,CA,United States,38,2017.0,BabyTech,880,886,5120000.0,1.0,0.0,0.021520803443328552
Exo,Santa Clara,CA,USA,187,2015.0,Medical Equip,882,888,71535000.0,15.0,0.006435146443514644,0.028694404591104734
Crossbeam,Philadelphia,PA,United States,114,2018.0,Tech Services,883,889,17400000.0,1.0,0.0024456066945606693,0.03586800573888092
Friday Health Plans,Denver,CO,United States,224,2015.0,Insurance,884,890,55577500.0,24.0,0.003893305439330544,0.02295552367288379
Viridi Parente,Buffalo,NY,USA,60,2012.0,Energy,885,891,3500000.0,1.0,0.0025878661087866107,0.3629842180774749
Plenty,South San Francisco,CA,United States,432,2013.0,Food,887,893,155676600.0,27.0,0.019686192468619246,0.01291248206599713
Benson Hill,St Louis,MO,United States,318,2012.0,Research,889,895,127030000.0,38.0,0.010627615062761506,0.010043041606886658
The Sandbox,San Francisco,CA,USA,508,2018.0,Entertainment,893,899,160156250.0,1.0,0.0,0.4175035868005739
Karbon,Sausalito,CA,United States,167,2014.0,Tech Services,894,901,27278125.0,1.0,0.0019205020920502092,0.03299856527977044
The Mather Group,Chicago,IL,United States,150,2011.0,Investments,897,904,40451400.0,1.0,0.0,0.011477761836441894
FullStory,Atlanta,GA,United States,574,2014.0,Martech,901,908,107213400.0,1.0,0.0036025104602510458,0.0028694404591104736
Vytalize Health,Hoboken,NJ,USA,230,2014.0,Digital Health,902,909,38962000.0,1.0,0.0,0.23529411764705885
FirstClose,Austin,TX,United States,62,2000.0,Fintech,903,910,7351500.0,1.0,0.7259414225941423,0.11047345767575323
Airwavz Solutions,Charlotte,NC,United States,54,2013.0,Telecom,905,912,16116750.0,1.0,0.001106694560669456,0.05021520803443329
St. Mary's Regional Medical Center,Enid,OK,United States,231,1915.0,Hospital/Healthcare,907,914,88506000.0,1.0,0.0,0.45911047345767575
Alira Health,Framingham,MA,United States,583,1999.0,Consulting,908,915,170992800.0,5.0,0.0015690376569037657,0.04160688665710187
Nisos,Washington,DC,United States,102,2015.0,Security,911,918,18618000.0,1.0,0.00012552301255230126,0.10903873744619799
Pandion,Seattle,WA,United States,83,2020.0,Logistics,912,919,26535000.0,1.0,0.0007301255230125523,0.16929698708751795
Hydrostor,Toronto,ON,CAN,51,2010.0,Energy/Oil,916,923,14773500.0,1.0,0.0,0.12769010043041606
Aquant,New York,NY,United States,163,2016.0,Tech Services,918,925,26654625.0,4.0,0.0024184100418410044,0.02295552367288379
Merchants Bank of Indiana,Carmel,IN,United States,255,2009.0,Banking,919,926,60501000.0,5.0,0.0015711297071129707,0.02295552367288379
Capital Rx,New York,NY,United States,383,2017.0,Hospital/Healthcare,920,927,137845800.0,23.0,0.0020292887029288702,0.020086083213773316
Upgrade,San Francisco,CA,United States,908,2016.0,Fintech,922,929,177162700.0,38.0,0.012280334728033472,0.05308464849354376
spectro cloud,Santa Clara,Ca,United States,128,2019.0,Tech Services,923,930,19285000.0,1.0,0.0,0.10473457675753228
Health Gorilla,Palo Alto,CA,United States,140,2014.0,Health,924,931,42666750.0,22.0,0.000600418410041841,0.08464849354375897
AutoRABIT,San Ramon,CA,United States,220,2009.0,Fintech,925,932,32282250.0,3.0,0.0005648535564853557,0.021520803443328552
Sandbox VR,San Mateo,CA,United States,224,2016.0,Entertainment,926,933,51788125.0,9.0,0.002489539748953975,0.10043041606886657
Full,New York,NY,United States,138,2020.0,Fintech,927,934,25311000.0,1.0,0.0,0.021520803443328552
Flock Freight,Solana Beach,CA,United States,630,2015.0,Transportation,929,936,275762720.0,24.0,0.008347280334728034,0.04447632711621234
Handshake,San Francisco,CA,United States,831,2014.0,EdTech,931,938,174774600.0,18.0,0.00907949790794979,0.06025824964131995
Outrider,Golden,CO,United States,180,2017.0,Tech Services,932,939,29460375.0,12.0,0.0024686192468619246,0.01291248206599713
Fatburger North America,Beverly Hills,CA,United States,469,1952.0,Restaurants,933,940,123156250.0,1.0,0.0,0.015781922525107604
1111 SYSTEMS,Fairfield,NJ,USA,593,2020.0,Tech Services,934,941,109016800.0,1.0,0.012259414225941423,0.23816355810616932
Emilio Health,Palo Alto,CA,United States,240,2019.0,Digital Health,935,942,37926000.0,19.0,0.0021757322175732217,0.011477761836441894
Zero Hash,Chicago,IL,United States,156,2017.0,Fintech,936,943,31174000.0,1.0,0.0035543933054393304,0.1434720229555237
Mythical Games,Sherman Oaks,CA,United States,273,2018.0,Gaming,939,946,62322050.0,1.0,0.005439330543933054,0.020086083213773316
MetaMap,San Francisco,CA,United States,422,2017.0,Fintech,942,949,96037500.0,1.0,0.0,0.054519368723098996
Better Health,San Francisco,CA,United States,74,2019.0,Health,943,950,21060000.0,1.0,0.00028242677824267783,0.2223816355810617
Kodiak Robotics,Mountain View,CA,United States,175,2018.0,Transportation,946,953,64878400.0,1.0,0.0034518828451882847,0.07890961262553803
Turquoise Health,San Diego,CA,United States,66,2020.0,Tech Services,948,955,9004500.0,1.0,0.0,0.22094691535150646
VAST data,New York,NY,United States,469,2016.0,Analytics,949,956,87477600.0,13.0,0.005502092050209205,0.05308464849354376
Aetion,New York,NY,United States,331,2012.0,Digital Health,951,958,61874400.0,5.0,0.004259414225941422,0.03156384505021521
Theta Lake,Santa Barbara,CA,United States,99,2017.0,AI,952,959,14560000.0,1.0,0.0003702928870292887,0.0975609756097561
Netradyne,San Diego,CA,United States,557,2015.0,Analytics,953,960,104013000.0,1.0,0.004131799163179916,0.06886657101865137
Mighty Buildings,Redwood City,CA,United States,157,2017.0,3D,954,961,30153750.0,1.0,0.002129707112970711,0.015781922525107604
Petros PACE Finance,Austin,TX,United States,40,2010.0,Finance,955,962,6703200.0,1.0,0.00020920502092050208,0.011477761836441894
Lessen,Scottsdale,AZ,United States,356,2019.0,Real Estate Tech,957,964,66497200.0,1.0,0.0042887029288702925,0.030129124820659974
Narmi,New York,NY,United States,100,2016.0,Fintech,959,966,13650000.0,1.0,0.0004288702928870293,0.09612625538020086
H1,New York,NY,United States,514,2017.0,Digital Health,960,967,96012000.0,37.0,0.003575313807531381,0.02582496413199426
Validere,Calgary,AB,CAN,114,2015.0,Energy/Oil,961,968,39242875.0,3.0,0.0005481171548117155,0.011477761836441894
4Front Ventures,Phoenix,AZ,United States,117,2011.0,Cannabis,962,969,22680000.0,12.0,0.0014623430962343096,0.021520803443328552
Clearlake Capital Group,Santa Monica,CA,United States,111,2006.0,Investments,964,971,26559000.0,1.0,0.5062761506276151,0.05308464849354376
Heap,San Francisco,CA,United States,363,2013.0,Analytics,966,973,67741800.0,2.0,0.004562761506276151,0.08895265423242468
75F,Burnsville,MN,United States,118,2012.0,Real Estate Tech,969,976,17360000.0,8.0,0.0006255230125523012,0.024390243902439025
Raydiant,San Francisco,CA,United States,146,2017.0,Martech,970,977,23026500.0,1.0,0.0005230125523012552,0.011477761836441894
RenoRun,Montreal,QC,CAN,171,2016.0,Materials,971,978,62113500.0,2.0,0.0034246861924686193,0.09182209469153516
Comet ML,New York,NY,United States,102,2017.0,Tech Services,972,979,15515000.0,1.0,0.0014602510460251046,0.09325681492109039
Comet.ml,New York,NY,United States,102,2017.0,AI,973,980,14980000.0,1.0,0.0014602510460251046,0.09325681492109039
Mosyle Corporation,Orlando,FL,United States,112,2012.0,Edtech,974,981,16520000.0,3.0,0.0010899581589958159,0.008608321377331422
NTWRK,Los Angeles,CA,United States,169,2018.0,Media,975,982,39006375.0,28.0,0.0012552301255230125,0.07173601147776185
Pattern,Lehi,UT,United States,716,2013.0,eCommerceTech,976,983,150550400.0,1.0,0.005794979079497908,0.04447632711621234
Alpha Medical,Palo Alto,CA,United States,151,2017.0,Digital Health,977,984,25564000.0,1.0,0.0,0.3385939741750359
Octave,New York,NY,United States,236,2018.0,Hospital/Healthcare,978,985,71982000.0,1.0,0.0007112970711297071,0.15351506456241035
IET,Toledo,OH,United States,293,1989.0,Engineering,979,986,41750000.0,1.0,0.0,0.4404591104734577
RoadRunner Recycling,Pittsburgh,PA,United States,586,2014.0,Environmental,980,987,164020500.0,23.0,0.003223849372384937,0.061692969870875185
Sysdig,San Francisco,CA,United States,854,2013.0,IT Security,981,988,261672840.0,11.0,0.015261506276150628,0.06456241032998565
Buckle,Atlanta,GA,United States,284,2017.0,Fintech,982,989,57950100.0,1.0,0.002112970711297071,0.030129124820659974
Aircastle Limited,Stamford,CT,United States,127,2004.0,Finance,983,990,750000000.0,1.0,0.0020920502092050207,0.008608321377331422
Trellis,Los Angeles,CA,United States,44,2017.0,Analytics,984,991,5376000.0,1.0,0.0,0.22812051649928264
Self Financial,Austin,TX,United States,514,2015.0,Fintech,985,992,89154000.0,24.0,0.0026569037656903765,0.01865136298421808
Embrace,Culver City,CA,United States,125,2016.0,Analytics,986,993,18340000.0,1.0,0.0011924686192468618,0.08895265423242468
Perch Credit,Los Angeles,CA,United States,162,2019.0,Finance,987,994,44814000.0,1.0,0.0,0.43758967001434723
TransForce,Lincolnia,VA,United States,829,1991.0,Transportation,989,996,495017600.0,1.0,0.0,0.5724533715925395
Emerline,Mountain View,CA,United States,577,2011.0,Tech Services,991,998,108750000.0,1.0,0.0,0.48780487804878053
Forte,San Francisco,CA,United States,145,2018.0,Fintech,992,999,28369250.0,1.0,0.01903765690376569,0.005738880918220947
Collective Health,San Francisco,CA,United States,615,2013.0,Digital Health,993,1000,114858800.0,40.0,0.0150418410041841,0.005738880918220947
Honeycomb.io,San Francisco,CA,United States,180,2016.0,Tech Services,994,1001,29460375.0,10.0,0.0017866108786610878,0.0817790530846485
CompStak,New York,NY,United States,153,2011.0,Analytics,997,1004,24230500.0,8.0,0.0016924686192468618,0.08034433285509326
Quantum Metric,Monument,CO,United States,528,2014.0,Analytics,998,1005,98501200.0,38.0,0.005251046025104602,0.03586800573888092
Fathom (YC W21),San Francisco,CA,USA,96,2020.0,Tech Services,999,1006,14645000.0,1.0,0.0,0.3314203730272597
Hone,San Francisco,CA,United States,179,2018.0,EdTech,1000,1007,28294000.0,1.0,0.0004686192468619247,0.08608321377331421
